SkolaPositiv,Wellbeing
-0.991125,-0.49275
0.702875,0.805625
