SkolaPositiv,Wellbeing
-0.967125,-0.9500312
1.2035,0.636375
