Utagerande,SkolaNegativ,PsykSomBesv,Parenting,Community
0.4394375,0.642,0.5475,0.081,0.06
0.933725,1.11425,1.081375,0.388,0.48375
